# Every audio file shipped in game/assets/sound, with its GNU FreeDink source.
# Source set: freedink-data 1.08.20190120 (Sound/). Authors and licenses follow
# licenses/AUDIO-REPLACEMENTS.txt (FreeDink README-REPLACEMENTS.txt) and
# licenses/FREEDINK-DATA-COPYRIGHT.txt. Rendered .ogg music is FluidSynth output
# of the FreeDink MIDI named here (tools/import_assets.py render_midi).
# sha256 = shipped file; source_sha256 = the FreeDink file. Checked by
# tools/audio_provenance.py and tests/test_audio_provenance.py.
file	cue	freedink_file	source_in_repo	sha256	source_sha256	license	credit
1.ogg	screen music 1 (Terris)	Sound/1.ogg	third_party/freedink-audio-source/src/1.mid/JOHN_MICHEL_CELLO-BACH_AVE_MARIA.ogg	457438b931a7120a6d52379ca186652973b13cd26666a870fa5ecd4fc73520e8	457438b931a7120a6d52379ca186652973b13cd26666a870fa5ecd4fc73520e8	CC-BY-SA-3.0	"Ave Maria" (Bach/Gounod), cello performance by John Michel; Wikimedia Commons
1003.ogg	playmidi 1003.mid (title)	Sound/1003.mid	third_party/freedink-audio-source/dink/Sound/1003.mid	3842200ae2d30448133275799411fe011b124dc67682b137dfe4f0b6931fd2ad	10970f73bee66530e76f308737d4739e9ba6e5d71244951d400e317347d70093	Zlib (Dink Smallwood data license, licenses/FREEDINK-DATA-COPYRIGHT.txt)	Original Dink Smallwood MIDI, Seth A. Robinson / RTsoft; rendered with FluidSynth + FluidR3_GM (MIT)
104.ogg	screen music 104 (Stonebrook); first-person start	Sound/104.mid	third_party/freedink-audio-source/src/104.mid/serenade-d957.mid	cebc2f9ff0eb0eae60b1527c8895266769b1be21cb224d5f9b199107fdd04b5e	607b484fa547f8a3f6e95f372e1ae2bc52cef3d22f8ac2aace34cec30bbde55f	GPL-3.0-or-later OR FAL-1.3 OR CC-BY-SA	Schubert, Serenade D957, arranged by Sylvain Beucler (2008); rendered with FluidSynth + FluidR3_GM (MIT)
105.ogg	screen music 105	Sound/105.mid	third_party/freedink-audio-source/src/105.mid/reverie.mid	9ef7d2c3e9791076aa8e895e8ec38125cf9b1793a45558cf98da1184695afce2	0c464dd925d59415fdad806f55682e2bcc8434c5be81fa783c69a6d7d6bf0b53	GPL-3.0-or-later OR FAL-1.3 OR CC-BY-SA	Debussy, Reverie, arranged by Sylvain Beucler (2008); rendered with FluidSynth + FluidR3_GM (MIT)
106.ogg	screen music 106 (Windemere)	Sound/106.ogg	third_party/freedink-audio-source/src/106.mid/Felix_Mendelssohn_-_Violinkonzert_e-moll_-_1._Allegro_molto_appassionato_0m_6s_0h__3m_18s_0h.ogg	0b57bd0a2336dcecd5c5e9b7f43aaaa958daf3ee7bf493bca2fb59fdca0d1cfb	0b57bd0a2336dcecd5c5e9b7f43aaaa958daf3ee7bf493bca2fb59fdca0d1cfb	EFF Open Audio License 1.0	Mendelssohn, Violin Concerto op. 64 mvt. 1; Fulda Symphonic Orchestra, Simon Schindler (cond.), Franziska Früh (violin), 2001; excerpt 0:06-3:18 cut by Sylvain Beucler
12.ogg	not triggered by current game data (see docs/AUDIO_FREEDINK_SWAP.md)	Sound/12.mid	third_party/freedink-audio-source/src/12.mid/dink-castle.mid	9f42a187ede5558e869593f3e6a8029170155123ba0341bcbfed8b4cedbc476f	f58813db5258b4531f8ac0934e294cf188886529aae3007b41ab69b98c7a4b61	GPL-3.0-or-later	Joshua O'Leary (2011), composed for FreeDink; rendered with FluidSynth + FluidR3_GM (MIT)
13.ogg	not triggered by current game data (see docs/AUDIO_FREEDINK_SWAP.md)	Sound/13.mid	third_party/freedink-audio-source/src/13.mid/CanonInD222.mid	b465315a491659f0b35d59096ba39abd14a6036a9eb94ca7b568e1c260601391	9fe83407247178ec8bda5e4ea4506e5d8ad814367cbbea64825867879dfefb35	public domain	Pachelbel, Canon in D; MIDI by Ofir Mo; rendered with FluidSynth + FluidR3_GM (MIT)
18.ogg	not triggered by current game data (see docs/AUDIO_FREEDINK_SWAP.md)	Sound/18.mid	third_party/freedink-audio-source/src/18.mid/mystery-game.mid	9024d41df92b34bc9306eb91db958dd0dbd2b3d64d00902526c7840664693eb6	2a69113619c9987b559258d1e46aa65de8d7527156069a5ce0ed50870c0961be	GPL-3.0-or-later	Joshua O'Leary (2011), composed for FreeDink; rendered with FluidSynth + FluidR3_GM (MIT)
2.ogg	not triggered by current game data (see docs/AUDIO_FREEDINK_SWAP.md)	Sound/2.mid	third_party/freedink-audio-source/dink/Sound/2.mid	968f72d58e01051f59ff72b0ff9f334c37019f5473206e0520643011cbb4ec87	0f046b0fda1abd07bb3fd36d9793a0b70534035b6022ee6bd5817a0a987ae99f	Zlib (Dink Smallwood data license, licenses/FREEDINK-DATA-COPYRIGHT.txt)	Original Dink Smallwood MIDI, Seth A. Robinson / RTsoft; rendered with FluidSynth + FluidR3_GM (MIT)
5.ogg	not triggered by current game data (see docs/AUDIO_FREEDINK_SWAP.md)	Sound/5.ogg	third_party/freedink-audio-source/src/5.mid/5.ogg	a7de190dc75d74dcb4cc65fd2c060dc72ae5a10d93ca7e3fbb1af4a4b729b25f	a7de190dc75d74dcb4cc65fd2c060dc72ae5a10d93ca7e3fbb1af4a4b729b25f	GPL-3.0-or-later	Ofir Mo (2011), composed for FreeDink; FluidSynth render by Sylvain Beucler
7.ogg	not triggered by current game data (see docs/AUDIO_FREEDINK_SWAP.md)	Sound/7.mid	third_party/freedink-audio-source/src/7.mid/clockwork.mid	e288bdeefb202234986ccbd336d648284e63db57cb652125b2a04676a4cb221e	94a15c325e386178948690ed8414d8cf2766772e42003b6397e7f6d040eb042e	GPL-3.0-or-later	Joshua O'Leary (2011), composed for FreeDink; rendered with FluidSynth + FluidR3_GM (MIT)
dance.ogg	playmidi dance.mid (Mother, opening)	Sound/dance.mid	third_party/freedink-audio-source/dink/Sound/dance.mid	271ae99aa290bf9b0482f929a3c900e0efbdb13300dc28db92a414cbd77b3ae5	de27b572eb15571f7aa7ac565235938518a150a7cbfdaf04f23c9725a3a4823b	Zlib (Dink Smallwood data license, licenses/FREEDINK-DATA-COPYRIGHT.txt)	Original Dink Smallwood MIDI, Seth A. Robinson / RTsoft; rendered with FluidSynth + FluidR3_GM (MIT)
denube.ogg	playmidi denube.mid	Sound/denube.ogg	third_party/freedink-audio-source/src/denube.mid/An_der_schönem_blauen_Donau.ogg	de9149f712654c355396f10d2c380ceecb4e2bb479f1e1676a443c5aaf1aa94c	de9149f712654c355396f10d2c380ceecb4e2bb479f1e1676a443c5aaf1aa94c	public domain	J. Strauss II, The Blue Danube; Rytmi-Pojat, dir. Eugen Malmsten, 1936 (Columbia); Doria database, National Library of Finland
insper.ogg	playmidi insper.mid	Sound/insper.mid	third_party/freedink-audio-source/dink/Sound/insper.mid	5a7a0c84aaacebc4d54a7f5b845950940d42c8562dd7854b28f2023efeeb6197	65aec6f7f05615422bd7da2301b07a6bc688c1fb219b43b7571b4b68d37cf7ea	Zlib (Dink Smallwood data license, licenses/FREEDINK-DATA-COPYRIGHT.txt)	Original Dink Smallwood MIDI, Seth A. Robinson / RTsoft; rendered with FluidSynth + FluidR3_GM (MIT)
lively.ogg	not triggered by current game data	Sound/lively.mid	third_party/freedink-audio-source/dink/Sound/lively.mid	45e527c616d8eeb3b69670eca4381d04709b0f1deea7856e6ab2b11b69e75f12	8fc6aae4b07fe0d03eabe100708f8582e0af5f2eab436c91833f5ea813b836dd	Zlib (Dink Smallwood data license, licenses/FREEDINK-DATA-COPYRIGHT.txt)	Original Dink Smallwood MIDI, Seth A. Robinson / RTsoft; rendered with FluidSynth + FluidR3_GM (MIT)
love.ogg	playmidi love.mid	Sound/love.mid	third_party/freedink-audio-source/dink/Sound/love.mid	50289b36962b2d0f599aa385414d2a78146e5bba86795e382c5af8018e34c3d6	b5aa92dfe42a2da9820e5ccea05cd1c5b64b5a71e1f71afaab24ae0542d65db0	Zlib (Dink Smallwood data license, licenses/FREEDINK-DATA-COPYRIGHT.txt)	Original Dink Smallwood MIDI, Seth A. Robinson / RTsoft; rendered with FluidSynth + FluidR3_GM (MIT)
lovin.ogg	playmidi lovin.mid (Kernsin parade)	Sound/lovin.ogg	third_party/freedink-audio-source/src/lovin.mid/lovin.ogg	46ba524a5a96c33b382b8222ef8188e6e1b8e7b79041f57f29a42304e4d74231	46ba524a5a96c33b382b8222ef8188e6e1b8e7b79041f57f29a42304e4d74231	CC-BY-3.0	"Lovin'" by Gachopin (2007, 2012)
arrow.wav	sound slot 41	Sound/arrow.wav		b914bd7fde7ab6a8f9f40a1b0f52722df56610e6b2b8110c669c48a17ed96d28	b914bd7fde7ab6a8f9f40a1b0f52722df56610e6b2b8110c669c48a17ed96d28	GPL-2.0-or-later	The Battle for Wesnoth, bow-hit.ogg; edited by Petteri Tolonen (2010)
axe.wav	sound slot 48	Sound/axe.wav	third_party/freedink-audio-source/src/axe.wav/axe.wav	d565df20202824cf00131a7812f6b06a4359bd1197de41579322734ae98c08af	d565df20202824cf00131a7812f6b06a4359bd1197de41579322734ae98c08af	public domain	qubodup (freesound 442903), from MattLeschuck, gprosser, Kreastricon62
bhit.wav	sound slot 37	Sound/bhit.wav		fb9f31d12bc977bd725632234ba4c1789eda5be2bea4dd118162f21f34504dbe	fb9f31d12bc977bd725632234ba4c1789eda5be2bea4dd118162f21f34504dbe	public domain; edit GPL-3.0-or-later OR FAL-1.3 OR CC-BY-SA	Frank Condello (pOx), woodbrk; edited by Petteri Tolonen (2012)
bird1.wav	sound slot 49	Sound/bird1.wav	third_party/freedink-audio-source/src/bird1.wav/bird1.wav	48f283710cb76064b89d96cc7b29669fc7e0274b63b51e54a2c45e980537b0f8	48f283710cb76064b89d96cc7b29669fc7e0274b63b51e54a2c45e980537b0f8	GPL-2.0-or-later	The Battle for Wesnoth, ambient/birds2.ogg
bow1.wav	sound slot 44	Sound/bow1.wav		f96f4336997203d74eeaad002ba2eb7ca20c6a3562d273c7c5c98720d6bf1c7b	f96f4336997203d74eeaad002ba2eb7ca20c6a3562d273c7c5c98720d6bf1c7b	GPL-2.0-or-later	The Battle for Wesnoth, bow-miss.ogg; edited by Petteri Tolonen (2010)
burn.wav	sound slot 6	Sound/burn.wav	third_party/freedink-audio-source/src/burn.wav/burn.wav	7e89f5deb5feee7b14adb7cdf3d19f97888a380bf9c92c9f8b566acdd4f5c0fe	7e89f5deb5feee7b14adb7cdf3d19f97888a380bf9c92c9f8b566acdd4f5c0fe	public domain	qubodup (freesound 442676), from laribum, jovanovich, moviebuffgavin
fire.wav	sound slot 23	Sound/fire.wav	third_party/freedink-audio-source/src/fire.wav/fire.wav	ecac3b7ad3c7da8b6ab9652e1341bdfc0cff8696125e8e89acc53ea29ce4c02c	ecac3b7ad3c7da8b6ab9652e1341bdfc0cff8696125e8e89acc53ea29ce4c02c	CC-BY-3.0	Berklee College of Music Sampling Archive, fire_long.wav; edited by Sylvain Beucler (2008)
gold.wav	sound slot 14	Sound/gold.wav	third_party/freedink-audio-source/src/gold.wav/gold.wav	ff0ac6ab12357a7c2563ee2e9458943a44fb48ea08b939ffdcd51fa0239af617	ff0ac6ab12357a7c2563ee2e9458943a44fb48ea08b939ffdcd51fa0239af617	GPL-2.0-or-later	The Battle for Wesnoth, gold.ogg; edited by Sylvain Beucler (2008)
grunt1.wav	sound slot 15	Sound/grunt1.wav		c42035138963310d7d76d13d3d16d3b86711a3a829d06280131ac35125d1e289	c42035138963310d7d76d13d3d16d3b86711a3a829d06280131ac35125d1e289	GPL-2.0-or-later	The Battle for Wesnoth, human-hit-4.ogg; speed changed
grunt2.wav	sound slot 16	Sound/grunt2.wav		47078a90e3a21cd8c08677ec0a9f8533968e86e89ddd77fffcf93beff89008d0	47078a90e3a21cd8c08677ec0a9f8533968e86e89ddd77fffcf93beff89008d0	GPL-2.0-or-later	The Battle for Wesnoth, human-hit-5.ogg; edited by Petteri Tolonen (2012)
high2.wav	sound slot 22	Sound/high2.wav		a32b01bca3d2ebdec02b37d104e50c90c6c528e4a91ac261aaf7e24b9abff62b	a32b01bca3d2ebdec02b37d104e50c90c6c528e4a91ac261aaf7e24b9abff62b	GPL-3.0-or-later OR FAL-1.3 OR CC-BY-SA	Sylvain Beucler (2009), ZynAddSubFX choir
intro.wav	not triggered by current game data	Sound/intro.wav	third_party/freedink-audio-source/src/intro.wav/intro.wav	b00d0ac931273fb149632f2b814fa84de07e085251f21995a9229bb7c74dea49	b00d0ac931273fb149632f2b814fa84de07e085251f21995a9229bb7c74dea49	no copyrightable content	One-frame silence (FreeDink)
nono.wav	sound slot 19	Sound/nono.wav	third_party/freedink-audio-source/src/nono.wav/nono.wav	84830b7a7746ed43abfce20393384948245f5dc4a232e95f5f2a4bf2921ba807	84830b7a7746ed43abfce20393384948245f5dc4a232e95f5f2a4bf2921ba807	public domain	qubodup (freesound 442674), from JPolito
open.wav	sound slot 7	Sound/open.wav	third_party/freedink-audio-source/src/open.wav/open.wav	8d01ed0536989cae135b1a9e16fff96158b2a964fa0a2c502661b0585c144e76	8d01ed0536989cae135b1a9e16fff96158b2a964fa0a2c502661b0585c144e76	GPL-2.0-or-later OR CC-BY-SA-3.0+	Iwan Gabovitch (qubodup), 2010, OpenGameArt "door open door close"
punch.wav	sound slot 9	Sound/punch.wav		a9f59ad5ea2a1cf0a9136e7ad699cf3e429f4b3a714c7888137b13593130417f	a9f59ad5ea2a1cf0a9136e7ad699cf3e429f4b3a714c7888137b13593130417f	GPL-2.0-or-later	The Battle for Wesnoth, club.ogg; edited by Petteri Tolonen (2012)
save.wav	sound slot 34	Sound/save.wav	third_party/freedink-audio-source/src/save.wav/save.wav	fdbe217ca6488f64deae2b34732b17d313f8aa9ce5fa042f793dfe430d582a5e	fdbe217ca6488f64deae2b34732b17d313f8aa9ce5fa042f793dfe430d582a5e	public domain	qubodup (freesound 442825), from Trebblofang
secret.wav	sound slot 43	Sound/secret.wav	third_party/freedink-audio-source/dink/Sound/secret.wav	d457fd6dd067cd4af6a4055952de65a60c18eb470515e006d5d061c32b07af50	d457fd6dd067cd4af6a4055952de65a60c18eb470515e006d5d061c32b07af50	Zlib (Dink Smallwood data license, licenses/FREEDINK-DATA-COPYRIGHT.txt)	Original Dink Smallwood sound, Seth A. Robinson / RTsoft
sel1.wav	sound slot 17	Sound/sel1.wav	third_party/freedink-audio-source/src/sel1.wav/sel1.wav	c10a4d29a3491167cd19445b2c23157e8da6dc32f75d037ae907d103a866f502	c10a4d29a3491167cd19445b2c23157e8da6dc32f75d037ae907d103a866f502	basis CC-BY-3.0 / CC-BY-SA-3.0 / GPL-3.0 / GPL-2.0	"Spell 4 - Fire" by Bart K. (OpenGameArt, 2009); reworked by Sylvain Beucler (2016)
stairs.wav	sound slot 39	Sound/stairs.wav	third_party/freedink-audio-source/src/stairs.wav/stairs.wav	8ad164844a4f46609da8d3401208d237b313725f8d5450da441c193d32a6f6a6	8ad164844a4f46609da8d3401208d237b313725f8d5450da441c193d32a6f6a6	public domain	qubodup (freesound 442770), from Anthousai
swing.wav	sound slot 8	Sound/swing.wav		824d80e5dd1cf0f393336c59d88d78c3c540722e85c6904d483fbe196637bdc8	824d80e5dd1cf0f393336c59d88d78c3c540722e85c6904d483fbe196637bdc8	GPL-2.0-or-later	The Battle for Wesnoth, dagger-swish.wav; speed changed
sword2.wav	sound slot 10	Sound/sword2.wav		5ac5dd25a907ec3fea102977d8269bc611309637899984808da7fedfba9e01bb	5ac5dd25a907ec3fea102977d8269bc611309637899984808da7fedfba9e01bb	GPL-2.0-or-later	The Battle for Wesnoth, spear.ogg; edited by Petteri Tolonen (2010, 2012)
wscream.wav	sound slot 12	Sound/wscream.wav	third_party/freedink-audio-source/src/wscream.wav/wscream.wav	a751e603ee5741c6776c84afa0ee03677e13b731cb140c06a9db2a3cb8008665	a751e603ee5741c6776c84afa0ee03677e13b731cb140c06a9db2a3cb8008665	WTFPL	Performed by Maria Carmona Varo, recorded by Fernando Carmona Varo (2009)
